Nom,id
51 Degrees North,sup_51_degrees_north
Champions Pet Food,sup_champions_pet_food
Eco Clavis,sup_eco_clavis
Cloud 7,sup_cloud_7
Degomeat,sup_degomeat
Duck Food,sup_duck_food
Edgard And Cooper,sup_edgard_and_cooper
Feribiella,sup_feribiella
Flamingo,sup_flamingo
Holland Animal Care,sup_holland_animal_care
Hunter,sup_hunter
Mia Cara,sup_mia_cara
Molly And Stitch,sup_molly_and_stitch
Nagels,sup_nagels
Natachien,sup_natachien
Nml Health,sup_nml_health
Pet Solution,sup_pet_solution
Petrebels,sup_petrebels
Pets Concepts,sup_pets_concepts
Puppy Gallery,sup_puppy_gallery
Smoofle,sup_smoofle
Solal Simply Natural,sup_solal_simply_natural
Soopa,sup_soopa
Vadigran,sup_vadigran
Weatherbeeta,sup_weatherbeeta
Wild Wash,sup_wild_wash
